num_folds,mean_accuracy,std_accuracy,mean_loss,std_loss,accuracies,losses,best_fold,worst_fold
5,0.6465064142483496,0.1139650862849392,8.646743774414062,7.833712554989594,"[0.4857142857142857, 0.6081081081081081, 0.5887096774193549, 0.8, 0.75]","[6.644959926605225, 2.5861146450042725, 23.64324951171875, 8.10893726348877, 2.250457525253296]",4,1
